--
-- PostgreSQL database dump
--

-- Dumped from database version 12.9 (Ubuntu 12.9-2.pgdg20.04+1)
-- Dumped by pg_dump version 12.9 (Ubuntu 12.9-2.pgdg20.04+1)

SET statement_timeout = 0;
SET lock_timeout = 0;
SET idle_in_transaction_session_timeout = 0;
SET client_encoding = 'UTF8';
SET standard_conforming_strings = on;
SELECT pg_catalog.set_config('search_path', '', false);
SET check_function_bodies = false;
SET xmloption = content;
SET client_min_messages = warning;
SET row_security = off;

DROP DATABASE universe;
--
-- Name: universe; Type: DATABASE; Schema: -; Owner: freecodecamp
--

CREATE DATABASE universe WITH TEMPLATE = template0 ENCODING = 'UTF8' LC_COLLATE = 'C.UTF-8' LC_CTYPE = 'C.UTF-8';


ALTER DATABASE universe OWNER TO freecodecamp;

\connect universe

SET statement_timeout = 0;
SET lock_timeout = 0;
SET idle_in_transaction_session_timeout = 0;
SET client_encoding = 'UTF8';
SET standard_conforming_strings = on;
SELECT pg_catalog.set_config('search_path', '', false);
SET check_function_bodies = false;
SET xmloption = content;
SET client_min_messages = warning;
SET row_security = off;

SET default_tablespace = '';

SET default_table_access_method = heap;

--
-- Name: galaxy; Type: TABLE; Schema: public; Owner: freecodecamp
--

CREATE TABLE public.galaxy (
    galaxy_id integer NOT NULL,
    name character varying(30) NOT NULL,
    no_stars integer,
    size numeric,
    diameter numeric
);


ALTER TABLE public.galaxy OWNER TO freecodecamp;

--
-- Name: galaxy_galaxy_id_seq; Type: SEQUENCE; Schema: public; Owner: freecodecamp
--

CREATE SEQUENCE public.galaxy_galaxy_id_seq
    AS integer
    START WITH 1
    INCREMENT BY 1
    NO MINVALUE
    NO MAXVALUE
    CACHE 1;


ALTER TABLE public.galaxy_galaxy_id_seq OWNER TO freecodecamp;

--
-- Name: galaxy_galaxy_id_seq; Type: SEQUENCE OWNED BY; Schema: public; Owner: freecodecamp
--

ALTER SEQUENCE public.galaxy_galaxy_id_seq OWNED BY public.galaxy.galaxy_id;


--
-- Name: moon; Type: TABLE; Schema: public; Owner: freecodecamp
--

CREATE TABLE public.moon (
    moon_id integer NOT NULL,
    name character varying(30) NOT NULL,
    description text,
    made_of_cheese boolean,
    planet_id integer,
    dist_from_planet numeric
);


ALTER TABLE public.moon OWNER TO freecodecamp;

--
-- Name: moon_moon_id_seq; Type: SEQUENCE; Schema: public; Owner: freecodecamp
--

CREATE SEQUENCE public.moon_moon_id_seq
    AS integer
    START WITH 1
    INCREMENT BY 1
    NO MINVALUE
    NO MAXVALUE
    CACHE 1;


ALTER TABLE public.moon_moon_id_seq OWNER TO freecodecamp;

--
-- Name: moon_moon_id_seq; Type: SEQUENCE OWNED BY; Schema: public; Owner: freecodecamp
--

ALTER SEQUENCE public.moon_moon_id_seq OWNED BY public.moon.moon_id;


--
-- Name: person; Type: TABLE; Schema: public; Owner: freecodecamp
--

CREATE TABLE public.person (
    person_id integer NOT NULL,
    name character varying(30) NOT NULL,
    planet_id integer
);


ALTER TABLE public.person OWNER TO freecodecamp;

--
-- Name: person_person_id_seq; Type: SEQUENCE; Schema: public; Owner: freecodecamp
--

CREATE SEQUENCE public.person_person_id_seq
    AS integer
    START WITH 1
    INCREMENT BY 1
    NO MINVALUE
    NO MAXVALUE
    CACHE 1;


ALTER TABLE public.person_person_id_seq OWNER TO freecodecamp;

--
-- Name: person_person_id_seq; Type: SEQUENCE OWNED BY; Schema: public; Owner: freecodecamp
--

ALTER SEQUENCE public.person_person_id_seq OWNED BY public.person.person_id;


--
-- Name: planet; Type: TABLE; Schema: public; Owner: freecodecamp
--

CREATE TABLE public.planet (
    planet_id integer NOT NULL,
    name character varying(30) NOT NULL,
    has_life boolean,
    star_id integer,
    dist_from_star numeric
);


ALTER TABLE public.planet OWNER TO freecodecamp;

--
-- Name: planet_planet_id_seq; Type: SEQUENCE; Schema: public; Owner: freecodecamp
--

CREATE SEQUENCE public.planet_planet_id_seq
    AS integer
    START WITH 1
    INCREMENT BY 1
    NO MINVALUE
    NO MAXVALUE
    CACHE 1;


ALTER TABLE public.planet_planet_id_seq OWNER TO freecodecamp;

--
-- Name: planet_planet_id_seq; Type: SEQUENCE OWNED BY; Schema: public; Owner: freecodecamp
--

ALTER SEQUENCE public.planet_planet_id_seq OWNED BY public.planet.planet_id;


--
-- Name: star; Type: TABLE; Schema: public; Owner: freecodecamp
--

CREATE TABLE public.star (
    star_id integer NOT NULL,
    name character varying(30) NOT NULL,
    no_planets integer,
    galaxy_id integer,
    diameter numeric
);


ALTER TABLE public.star OWNER TO freecodecamp;

--
-- Name: star_star_id_seq; Type: SEQUENCE; Schema: public; Owner: freecodecamp
--

CREATE SEQUENCE public.star_star_id_seq
    AS integer
    START WITH 1
    INCREMENT BY 1
    NO MINVALUE
    NO MAXVALUE
    CACHE 1;


ALTER TABLE public.star_star_id_seq OWNER TO freecodecamp;

--
-- Name: star_star_id_seq; Type: SEQUENCE OWNED BY; Schema: public; Owner: freecodecamp
--

ALTER SEQUENCE public.star_star_id_seq OWNED BY public.star.star_id;


--
-- Name: galaxy galaxy_id; Type: DEFAULT; Schema: public; Owner: freecodecamp
--

ALTER TABLE ONLY public.galaxy ALTER COLUMN galaxy_id SET DEFAULT nextval('public.galaxy_galaxy_id_seq'::regclass);


--
-- Name: moon moon_id; Type: DEFAULT; Schema: public; Owner: freecodecamp
--

ALTER TABLE ONLY public.moon ALTER COLUMN moon_id SET DEFAULT nextval('public.moon_moon_id_seq'::regclass);


--
-- Name: person person_id; Type: DEFAULT; Schema: public; Owner: freecodecamp
--

ALTER TABLE ONLY public.person ALTER COLUMN person_id SET DEFAULT nextval('public.person_person_id_seq'::regclass);


--
-- Name: planet planet_id; Type: DEFAULT; Schema: public; Owner: freecodecamp
--

ALTER TABLE ONLY public.planet ALTER COLUMN planet_id SET DEFAULT nextval('public.planet_planet_id_seq'::regclass);


--
-- Name: star star_id; Type: DEFAULT; Schema: public; Owner: freecodecamp
--

ALTER TABLE ONLY public.star ALTER COLUMN star_id SET DEFAULT nextval('public.star_star_id_seq'::regclass);


--
-- Data for Name: galaxy; Type: TABLE DATA; Schema: public; Owner: freecodecamp
--

INSERT INTO public.galaxy VALUES (1, 'Milky Way', 20000000, 6.7, NULL);
INSERT INTO public.galaxy VALUES (2, 'Andromida', 50000000, 7.7, NULL);
INSERT INTO public.galaxy VALUES (3, 'Alpha b64', 20000000, 4.7, NULL);
INSERT INTO public.galaxy VALUES (4, 'Beta 5464', 60000000, 8.7, NULL);
INSERT INTO public.galaxy VALUES (5, 'Gamma 3464', 10000000, 3.7, NULL);
INSERT INTO public.galaxy VALUES (6, 'Zebra 1464', 20000000, 6.7, NULL);


--
-- Data for Name: moon; Type: TABLE DATA; Schema: public; Owner: freecodecamp
--

INSERT INTO public.moon VALUES (1, 'Moon1', NULL, NULL, 5, NULL);
INSERT INTO public.moon VALUES (2, 'Moon2', NULL, NULL, 5, NULL);
INSERT INTO public.moon VALUES (3, 'Moon3', NULL, NULL, 5, NULL);
INSERT INTO public.moon VALUES (4, 'Moon4', NULL, NULL, 5, NULL);
INSERT INTO public.moon VALUES (5, 'Moon6', NULL, NULL, 3, NULL);
INSERT INTO public.moon VALUES (6, 'Moon7', NULL, NULL, 4, NULL);
INSERT INTO public.moon VALUES (7, 'Moon8', NULL, NULL, 4, NULL);
INSERT INTO public.moon VALUES (8, 'Moon9', NULL, NULL, 4, NULL);
INSERT INTO public.moon VALUES (9, 'Moon10', NULL, NULL, 4, NULL);
INSERT INTO public.moon VALUES (10, 'Moon11', NULL, NULL, 4, NULL);
INSERT INTO public.moon VALUES (11, 'Moon13', NULL, NULL, 7, NULL);
INSERT INTO public.moon VALUES (12, 'Moon14', NULL, NULL, 4, NULL);
INSERT INTO public.moon VALUES (13, 'Moon15', NULL, NULL, 8, NULL);
INSERT INTO public.moon VALUES (14, 'Moon16', NULL, NULL, 1, NULL);
INSERT INTO public.moon VALUES (15, 'Moon17', NULL, NULL, 12, NULL);
INSERT INTO public.moon VALUES (16, 'Moon18', NULL, NULL, 2, NULL);
INSERT INTO public.moon VALUES (17, 'Moon19', NULL, NULL, 10, NULL);
INSERT INTO public.moon VALUES (18, 'Moon20', NULL, NULL, 11, NULL);
INSERT INTO public.moon VALUES (19, 'Moon5', NULL, NULL, 1, NULL);
INSERT INTO public.moon VALUES (20, 'Moon12', NULL, NULL, 6, NULL);


--
-- Data for Name: person; Type: TABLE DATA; Schema: public; Owner: freecodecamp
--

INSERT INTO public.person VALUES (1, 'bill', 4);
INSERT INTO public.person VALUES (2, 'geaff', 4);
INSERT INTO public.person VALUES (3, 'katy', 4);


--
-- Data for Name: planet; Type: TABLE DATA; Schema: public; Owner: freecodecamp
--

INSERT INTO public.planet VALUES (1, 'Mercury', false, 1, NULL);
INSERT INTO public.planet VALUES (2, 'Venus', false, 1, NULL);
INSERT INTO public.planet VALUES (3, 'Mars', false, 1, NULL);
INSERT INTO public.planet VALUES (4, 'Earth', false, 1, NULL);
INSERT INTO public.planet VALUES (5, 'Uranus', false, 1, NULL);
INSERT INTO public.planet VALUES (6, 'Satern', false, 1, NULL);
INSERT INTO public.planet VALUES (7, 'Jupiter', false, 1, NULL);
INSERT INTO public.planet VALUES (8, 'Neptune', false, 1, NULL);
INSERT INTO public.planet VALUES (9, 'Pluto', false, 1, NULL);
INSERT INTO public.planet VALUES (10, 'Mercury', false, 2, NULL);
INSERT INTO public.planet VALUES (11, 'Venus', false, 2, NULL);
INSERT INTO public.planet VALUES (12, 'Mars', false, 2, NULL);
INSERT INTO public.planet VALUES (13, 'Earth', false, 2, NULL);


--
-- Data for Name: star; Type: TABLE DATA; Schema: public; Owner: freecodecamp
--

INSERT INTO public.star VALUES (1, 'The Sun', 8, 1, NULL);
INSERT INTO public.star VALUES (2, 'Bravo', 14, 1, NULL);
INSERT INTO public.star VALUES (3, 'Charle', 12, 1, NULL);
INSERT INTO public.star VALUES (4, 'Delta', 4, 1, NULL);
INSERT INTO public.star VALUES (5, 'Echo', 4, 2, NULL);
INSERT INTO public.star VALUES (6, 'FoxTrot', 4, 3, NULL);


--
-- Name: galaxy_galaxy_id_seq; Type: SEQUENCE SET; Schema: public; Owner: freecodecamp
--

SELECT pg_catalog.setval('public.galaxy_galaxy_id_seq', 6, true);


--
-- Name: moon_moon_id_seq; Type: SEQUENCE SET; Schema: public; Owner: freecodecamp
--

SELECT pg_catalog.setval('public.moon_moon_id_seq', 20, true);


--
-- Name: person_person_id_seq; Type: SEQUENCE SET; Schema: public; Owner: freecodecamp
--

SELECT pg_catalog.setval('public.person_person_id_seq', 3, true);


--
-- Name: planet_planet_id_seq; Type: SEQUENCE SET; Schema: public; Owner: freecodecamp
--

SELECT pg_catalog.setval('public.planet_planet_id_seq', 13, true);


--
-- Name: star_star_id_seq; Type: SEQUENCE SET; Schema: public; Owner: freecodecamp
--

SELECT pg_catalog.setval('public.star_star_id_seq', 6, true);


--
-- Name: galaxy galaxy_galaxy_id_key; Type: CONSTRAINT; Schema: public; Owner: freecodecamp
--

ALTER TABLE ONLY public.galaxy
    ADD CONSTRAINT galaxy_galaxy_id_key UNIQUE (galaxy_id);


--
-- Name: galaxy galaxy_pkey; Type: CONSTRAINT; Schema: public; Owner: freecodecamp
--

ALTER TABLE ONLY public.galaxy
    ADD CONSTRAINT galaxy_pkey PRIMARY KEY (galaxy_id);


--
-- Name: moon moon_moon_id_key; Type: CONSTRAINT; Schema: public; Owner: freecodecamp
--

ALTER TABLE ONLY public.moon
    ADD CONSTRAINT moon_moon_id_key UNIQUE (moon_id);


--
-- Name: moon moon_pkey; Type: CONSTRAINT; Schema: public; Owner: freecodecamp
--

ALTER TABLE ONLY public.moon
    ADD CONSTRAINT moon_pkey PRIMARY KEY (moon_id);


--
-- Name: person person_name_key; Type: CONSTRAINT; Schema: public; Owner: freecodecamp
--

ALTER TABLE ONLY public.person
    ADD CONSTRAINT person_name_key UNIQUE (name);


--
-- Name: person person_pkey; Type: CONSTRAINT; Schema: public; Owner: freecodecamp
--

ALTER TABLE ONLY public.person
    ADD CONSTRAINT person_pkey PRIMARY KEY (person_id);


--
-- Name: planet planet_pkey; Type: CONSTRAINT; Schema: public; Owner: freecodecamp
--

ALTER TABLE ONLY public.planet
    ADD CONSTRAINT planet_pkey PRIMARY KEY (planet_id);


--
-- Name: planet planet_planet_id_key; Type: CONSTRAINT; Schema: public; Owner: freecodecamp
--

ALTER TABLE ONLY public.planet
    ADD CONSTRAINT planet_planet_id_key UNIQUE (planet_id);


--
-- Name: star star_pkey; Type: CONSTRAINT; Schema: public; Owner: freecodecamp
--

ALTER TABLE ONLY public.star
    ADD CONSTRAINT star_pkey PRIMARY KEY (star_id);


--
-- Name: star star_star_id_key; Type: CONSTRAINT; Schema: public; Owner: freecodecamp
--

ALTER TABLE ONLY public.star
    ADD CONSTRAINT star_star_id_key UNIQUE (star_id);


--
-- Name: star fk_galaxy; Type: FK CONSTRAINT; Schema: public; Owner: freecodecamp
--

ALTER TABLE ONLY public.star
    ADD CONSTRAINT fk_galaxy FOREIGN KEY (galaxy_id) REFERENCES public.galaxy(galaxy_id);


--
-- Name: moon fk_moon; Type: FK CONSTRAINT; Schema: public; Owner: freecodecamp
--

ALTER TABLE ONLY public.moon
    ADD CONSTRAINT fk_moon FOREIGN KEY (planet_id) REFERENCES public.planet(planet_id);


--
-- Name: planet fk_star; Type: FK CONSTRAINT; Schema: public; Owner: freecodecamp
--

ALTER TABLE ONLY public.planet
    ADD CONSTRAINT fk_star FOREIGN KEY (star_id) REFERENCES public.star(star_id);


--
-- PostgreSQL database dump complete
--

